{
	"class_name" : "PinholeCameraParameters",
	"extrinsic" : 
	[
		0.92908921576640568,
		-0.33170685934776378,
		0.16359641991256457,
		0.0,
		-0.33281481410116742,
		-0.55686623526025714,
		0.76100873552270976,
		0.0,
		-0.16133049513768502,
		-0.76149232135899503,
		-0.62777537053465104,
		0.0,
		-1.6417767977523852,
		1.2454626573943712,
		7.5939596151636399,
		1.0
	],
	"intrinsic" : 
	{
		"height" : 1136,
		"intrinsic_matrix" : 
		[
			983.80485869912241,
			0.0,
			0.0,
			0.0,
			983.80485869912241,
			0.0,
			923.5,
			567.5,
			1.0
		],
		"width" : 1848
	},
	"version_major" : 1,
	"version_minor" : 0
}